candidate,n_contacts,n_shared_epac,pct_shared,centroid_dist_A,shared_residues
lemborexant,17,11,65.0,1.75,"GLN92,GLU106,HIS119,HIS94,LEU198,LEU204,PHE131,PRO202,THR199,THR200,VAL121"
tolvaptan,17,10,59.0,1.32,"GLN92,HIS94,HIS96,LEU198,LEU204,PHE131,PRO202,THR199,THR200,VAL121"
glasdegib,14,9,64.0,2.74,"GLN92,HIS119,HIS94,ILE91,LEU198,PHE131,THR199,THR200,VAL121"
cabozantinib,16,9,56.0,3.55,"GLN92,HIS119,HIS94,ILE91,LEU198,PHE131,THR199,THR200,VAL121"
conivaptan,13,8,62.0,2.39,"GLN92,HIS94,HIS96,ILE91,LEU198,PHE131,THR199,THR200"
rimonabant,14,8,57.0,2.62,"GLN92,HIS94,LEU198,PHE131,PRO202,THR199,THR200,VAL121"
roflumilast,15,8,53.0,2.1,"GLN92,HIS94,ILE91,LEU198,PHE131,THR199,THR200,VAL121"
ripretinib,16,8,50.0,3.4,"GLN92,HIS119,HIS94,ILE91,LEU198,THR199,THR200,VAL121"
moricizine,13,7,54.0,2.8,"GLN92,HIS94,LEU198,PHE131,THR199,THR200,VAL121"
ensartinib,15,6,40.0,5.36,"GLN92,ILE91,LEU198,PHE131,THR200,VAL121"
